Date,Open,High,Low,Close,AdjClose,Volume
2000-01-03,4.144523333333334,4.144523333333334,4.144523333333334,4.144523333333333,4.144523333333333,30302720000
2000-01-11,4.005616666666667,4.005616666666667,4.005616666666667,4.005616666666667,4.005616666666667,20804693333
2000-01-19,3.8856366666666666,3.8856366666666666,3.8856366666666666,3.8856366666666666,3.8856366666666666,27557973333
2000-01-28,3.9367200000000007,3.9367200000000007,3.9367200000000007,3.9367199999999998,3.9367199999999998,22542506666
2000-02-07,4.077356666666666,4.077356666666666,4.077356666666666,4.077356666666666,4.077356666666666,20288426666
2000-02-15,4.128441666666666,4.128441666666666,4.128441666666666,4.128441666666666,4.128441666666666,32030293333
2000-02-23,4.272173333333334,4.272173333333334,4.272173333333334,4.272173333333334,4.272173333333334,24995413333
2000-03-02,4.512503333333333,4.512503333333333,4.512503333333333,4.512503333333333,4.512503333333333,18395306666
2000-03-15,4.326468333333334,4.326468333333334,4.326468333333334,4.326468333333334,4.326468333333334,22263466666
2000-03-23,4.409838333333333,4.409838333333333,4.409838333333333,4.409838333333333,4.409838333333333,19925333333
2000-03-31,4.449173333333333,4.449173333333333,4.449173333333333,4.449173333333333,4.449173333333333,26057813333
2000-04-10,4.27353,4.27353,4.27353,4.27353,4.27353,39709440000
2000-04-19,3.8816783333333333,3.8816783333333333,3.8816783333333333,3.8816783333333333,3.8816783333333333,30373120000
2000-04-28,4.06041,4.06041,4.06041,4.06041,4.06041,20501333333
2000-05-09,4.018976666666667,4.018976666666667,4.018976666666667,4.018976666666667,4.018976666666667,26206720000
2000-05-17,3.9931233333333336,3.9931233333333336,3.9931233333333336,3.9931233333333336,3.9931233333333336,23962026666
2000-05-25,3.947976666666667,3.947976666666667,3.947976666666667,3.947976666666667,3.947976666666667,25412266666
2000-06-02,4.53155,4.53155,4.53155,4.53155,4.53155,24094720000
2000-06-13,4.643241666666667,4.643241666666667,4.643241666666667,4.643241666666667,4.643241666666667,32127146666
2000-06-21,4.895296666666668,4.895296666666668,4.895296666666668,4.895296666666667,4.895296666666667,6388893866
2000-06-30,5.147875,5.147875,5.147875,5.147875,5.147875,29750933
2000-07-10,4.68542333333333,4.68542333333333,4.68542333333333,4.6854233333333335,4.6854233333333335,44218133
2000-07-18,4.667795000000001,4.667795000000001,4.667795000000001,4.667795000000001,4.667795000000001,40803200
2000-07-26,4.356559999999998,4.356559999999998,4.356559999999998,4.35656,4.35656,48302400
2000-08-03,4.347748333333333,4.347748333333333,4.347748333333333,4.3477483333333335,4.3477483333333335,140172266
2000-08-11,4.732581666666667,4.732581666666667,4.732581666666667,4.7325816666666665,4.7325816666666665,58941333
2000-08-21,4.855498333333334,4.855498333333334,4.855498333333334,4.855498333333333,4.855498333333333,39893333
2000-08-29,5.124683333333333,5.124683333333333,5.124683333333333,5.124683333333333,5.124683333333333,45850666
2000-09-06,5.218378333333334,5.218378333333334,5.218378333333334,5.218378333333333,5.218378333333333,36391466
2000-09-15,4.906211666666665,4.906211666666665,4.906211666666665,4.906211666666667,4.906211666666667,35063466
2000-09-25,4.885803333333333,4.885803333333333,4.885803333333333,4.8858033333333335,4.8858033333333335,34501333
2000-10-03,4.869723333333334,4.869723333333334,4.869723333333334,4.869723333333333,4.869723333333333,30445333
2000-10-13,4.725778333333332,4.725778333333332,4.725778333333332,4.725778333333333,4.725778333333333,51086933
2000-10-23,4.535913333333334,4.535913333333334,4.535913333333334,4.535913333333333,4.535913333333333,42974933
2000-11-01,4.733816666666666,4.733816666666666,4.733816666666666,4.733816666666667,4.733816666666667,34980800
2000-11-10,4.753765433789352,4.793810479408656,4.729336406326803,4.774638333333333,4.774638333333333,26568533
2000-11-22,4.700574603413554,4.732579706287907,4.602858568411182,4.628988333333333,4.628988333333333,38934933
2000-11-30,4.398612357280021,4.4279890039781735,4.284352640508428,4.31945,4.31945,40268266
2000-12-08,4.323160620615224,4.3893353828804385,4.237504498612659,4.307390000000001,4.307390000000001,52956266
2000-12-19,4.233177605131286,4.2726041919144375,4.171177383763061,4.194833333333333,4.194833333333333,28847466
2000-12-28,4.448709154009335,4.561422799981116,4.413766394701427,4.515811666666667,4.515811666666667,38774400
2001-01-09,4.704132563148483,4.774327356097341,4.6755289764301535,4.7352099999999995,4.7352099999999995,35686400
2001-01-17,5.048302037812747,5.1392150821129325,4.9897033290570985,5.077833333333333,5.077833333333333,48300266
2001-01-26,5.058197300161381,5.101334620424228,4.98150876737268,5.029748333333334,5.029748333333334,28917333
2001-02-05,5.084639300329334,5.137053481115615,5.0280505406407405,5.09237,5.09237,24407466
2001-02-13,5.245280911890957,5.33557550650681,5.183435279719951,5.274348333333333,5.274348333333333,34103466
2001-02-21,5.215749255592542,5.263061149240336,5.097933389916885,5.177405,5.177405,24927466
2001-03-05,5.256876038524933,5.330317661168494,5.198431937469821,5.257958333333333,5.257958333333333,22685866
2001-03-13,4.844364871941804,4.959861522338017,4.755925677959482,4.830295,4.830295,54628266
2001-03-21,4.489682239329143,4.59172749746932,4.392739225754268,4.5099366666666665,4.5099366666666665,40304533
2001-03-29,4.31636,4.392584744479593,4.234878416699182,4.31636,4.31636,30315733
2001-04-06,4.671045000000002,4.748197397930941,4.586007246925662,4.6710449999999994,4.6710449999999994,28802666
2001-04-17,4.628215057008155,4.711088175900728,4.532509006069713,4.665631666666667,4.665631666666667,33577066
2001-04-25,4.983210336608598,5.080617193949718,4.924302395208386,5.02341,5.02341,40484266
2001-05-07,5.179413710980146,5.238167023602483,5.077523088950197,5.150191666666666,5.150191666666666,23819200
2001-05-16,5.33387303367627,5.452461949427932,5.30789788206037,5.400511666666667,5.400511666666667,30013333
2001-05-24,5.4475169125124125,5.514928640825775,5.343925500549893,5.446280000000001,5.446280000000001,20002133
2001-06-04,5.552342337582533,5.652068367736118,5.457873225957674,5.531933333333334,5.531933333333334,26673600
2001-06-12,5.331092635832667,5.424170284412721,5.24620949912277,5.322125000000001,5.322125000000001,32283200
2001-06-21,5.241568698655883,5.310835766737425,5.106899945847929,5.159623333333333,5.159623333333333,26642666
2001-06-29,4.876682735902304,4.967750416749328,4.809270991724194,4.894463333333333,4.894463333333333,32806933
2001-07-11,4.952289454123074,5.005012860643094,4.83323660028348,4.902658333333333,4.902658333333333,45132800
2001-07-19,4.926002452777021,5.0031548548423785,4.842356273694065,4.930331666666667,4.930331666666667,43625600
2001-07-27,4.985527533756586,5.008255788800658,4.898170649909425,4.941153333333333,4.941153333333333,20396266
2001-08-06,4.926313362144154,4.967440703907847,4.899874357154952,4.9303333333333335,4.9303333333333335,24216533
2001-08-14,4.912706780651891,5.003929065068872,4.875290179325707,4.939455,4.939455,33094400
2001-08-22,5.041961600140048,5.139986838140435,5.014904151776073,5.103343333333333,5.103343333333333,26684266
2001-08-30,5.1872991196563625,5.249917798496019,5.091593070452706,5.193638333333333,5.193638333333333,24185600
2001-09-10,4.995578562820987,5.151584023123809,4.806949466819288,4.986301666666667,4.986301666666667,34168533
2001-09-18,4.883640345421923,5.004703169036552,4.762886744649452,4.909151666666667,4.909151666666667,53988800
2001-09-27,4.633628285067481,4.6781571327906954,4.555702807137294,4.61291,4.61291,32240533
2001-10-05,4.78375541234085,4.851012472848942,4.738298906338226,4.8279749999999995,4.8279749999999995,28136000
2001-10-16,4.9646538415773795,5.005471920362732,4.8794615641539485,4.936823333333334,4.936823333333334,40204266
2001-10-24,4.848696159475684,4.924920890201808,4.782521359469628,4.8344716666666665,4.8344716666666665,28766933
2001-11-01,4.754999418618795,4.847149359256413,4.671662449508308,4.743403333333333,4.743403333333333,52622933
2001-11-12,4.604405488393604,4.656819635525945,4.487208049654032,4.541168333333333,4.541168333333333,64310933
2001-11-21,4.56497930961332,4.626206467840758,4.5263258038207885,4.589408333333334,4.589408333333334,39068266
2001-11-29,4.654811081843565,4.738148080713317,4.586780903153116,4.6786216666666665,4.6786216666666665,40842133
2001-12-07,4.516739776493612,4.561268628729581,4.463707173573787,4.49262,4.49262,29257600
2001-12-17,4.479786658131133,4.53467463067542,4.410674186200162,4.477776666666667,4.477776666666667,31088533
2001-12-27,4.739536042026266,4.8041646638670565,4.711860145856022,4.767985,4.767985,29902400
2002-01-08,4.681249041246626,4.7438677322610685,4.611672750383125,4.648161666666667,4.648161666666667,25096533
2002-01-16,4.49401045747589,4.531736265968429,4.451491604683291,4.487516666666666,4.487516666666666,14826666
2002-01-24,4.441131967553324,4.513182077632569,4.383306351012792,4.460613333333334,4.460613333333334,33554133
2002-02-04,4.451335625328066,4.519211159825476,4.428143528373109,4.47561,4.47561,23728533
2002-02-14,4.625588367305706,4.686351690150531,4.60007705558147,4.6589849999999995,4.6589849999999995,30884800
2002-02-22,5.016452629895105,5.122208632803187,4.991095923146163,5.097625,5.097625,46016533
2002-03-05,5.292438521307278,5.342069633515024,5.215131504865364,5.270483333333334,5.270483333333334,40446933
2002-03-13,5.514927323564637,5.555590796271491,5.465605449152762,5.515854999999999,5.515854999999999,33225066
2002-03-21,5.366961375681673,5.426796995984937,5.314701842428552,5.362168333333333,5.362168333333333,26219733
2002-04-01,5.388916770136834,5.442567840797853,5.325061187120722,5.358921666666667,5.358921666666667,31922133
2002-04-09,5.201371163625379,5.238478537016918,5.127774878387175,5.172458333333334,5.172458333333334,37977600
2002-04-17,5.212349089543344,5.2472918630453576,5.156842639185508,5.210648333333333,5.210648333333333,27474666
2002-04-25,5.072266654514682,5.12499001010059,4.9850643368861505,5.051548333333334,5.051548333333334,35858666
2002-05-06,4.92213651856727,4.991712822650377,4.864001652848195,4.904046666666667,4.904046666666667,24681600
2002-05-14,4.966974015009595,5.011348215103342,4.920280597596501,4.9845999999999995,4.9845999999999995,25262400
2002-05-22,5.153285711795222,5.205854474385648,5.119115999598988,5.1582333333333334,5.1582333333333334,22149333
2002-05-31,5.08525320142916,5.116021374120035,5.023098390100425,5.056495000000001,5.056495000000001,19877866
2002-06-10,4.809578481298598,4.896935418166899,4.740775228713983,4.781593333333333,4.781593333333333,27830933
2002-06-18,4.350837507958735,4.409900050853334,4.157415400441578,4.2857449999999995,4.2857449999999995,52597866
2002-06-26,4.478395947125809,4.551683005607035,4.376196079752696,4.469428333333333,4.469428333333333,29936533
2002-07-04,4.276313868202835,4.310328941082039,4.183854701106893,4.235805,4.235805,19334933
2002-07-15,4.145047255248762,4.183855374639858,4.061091857522567,4.110568333333333,4.110568333333333,31633066
2002-07-23,3.7279002135486707,3.8319554364883843,3.6192064966980424,3.7146033333333333,3.7146033333333333,58887466
2002-07-31,3.8590110462126717,3.9353903758407918,3.7783025379530826,3.8894699999999998,3.8894699999999998,52024533
2002-08-08,3.9423480837290676,4.043001809786474,3.8531357804841004,3.939565,3.939565,47906666
2002-08-16,3.733929253929112,3.819430826356278,3.685844290876682,3.7523283333333333,3.7523283333333333,33104533
2002-08-26,4.036354694209827,4.075472056421124,3.9833220777811658,4.04625,4.04625,30518400
2002-09-03,4.180145019525628,4.273377288049402,4.137780770655959,4.211531666666667,4.211531666666667,40488000
2002-09-11,4.358567447686676,4.390108692078503,4.263170640111714,4.318831666666667,4.318831666666667,26985066
2002-09-19,3.915601196137899,3.9890428578887014,3.7903637954277447,3.87401,3.87401,53601600
2002-09-27,3.665898701632757,3.76376942952375,3.4987610044018465,3.6280183333333333,3.6280183333333333,55280000
2002-10-07,3.5647800466462076,3.642860094384819,3.473403157737897,3.535403333333333,3.535403333333333,43247466
2002-10-15,3.4676814090089696,3.541586875375415,3.3917659599006478,3.5089633333333334,3.5089633333333334,39689066
2002-10-23,3.948996756965198,4.043002103712635,3.8413854152691926,3.9630666666666663,3.9630666666666663,50060266
2002-10-31,4.007596513138901,4.099746494281438,3.9125088697243346,4.004194999999999,4.004194999999999,33980800
2002-11-08,4.011767898598511,4.065264335558589,3.9692490697126153,4.022281666666666,4.022281666666666,19688000
2002-11-19,4.127421127560553,4.205346603820714,4.060937107272691,4.123865,4.123865,35021866
2002-11-27,4.084904986066186,4.1305161572061735,4.040530736570361,4.099593333333334,4.099593333333334,19067733
2002-12-05,4.109795469694955,4.16035426342651,4.066194332092095,4.12,4.12,22423466
2002-12-13,4.243689875748723,4.32223378329009,4.193594943904598,4.273685,4.273685,57134400
2002-12-23,4.40835559039322,4.481488026525124,4.363053665508546,4.386555,4.386555,13738133
2003-01-06,4.598221658226028,4.680012504498805,4.53761296409161,4.6442966666666665,4.6442966666666665,41774933
2003-01-14,4.7488129043631195,4.818389193848765,4.711860177417502,4.7593266666666665,4.7593266666666665,36293866
2003-01-22,4.316978425849292,4.367691856772899,4.199162559673919,4.276314999999999,4.276314999999999,52696000
2003-01-30,4.34836586877466,4.422735218428255,4.310485425133879,4.360734999999999,4.360734999999999,31005333
2003-02-07,4.318370223851629,4.3652182853293375,4.217561859304998,4.287756666666666,4.287756666666666,31653866
2003-02-17,4.183236389995094,4.245545857758169,4.137006823214507,4.1864833333333324,4.1864833333333324,33973333
2003-02-25,3.9321414077444783,3.9678572181244878,3.8672035509962868,3.91869,3.91869,31825066
2003-03-07,4.128968402748039,4.235033646599803,4.077945761355981,4.183083333333333,4.183083333333333,39980266
2003-03-17,4.358878888925063,4.4706648405869105,4.3115669947095006,4.408510000000001,4.408510000000001,43916800
2003-03-25,4.328419657329471,4.406963590206126,4.308783676418716,4.3763499999999995,4.3763499999999995,29674133
2003-04-02,4.478240703267937,4.523233398157036,4.387946128776744,4.4284550000000005,4.4284550000000005,41345066
2003-04-10,4.322390779640655,4.368620384149542,4.286211090173594,4.3227,4.3227,30778666
2003-04-22,4.445307407743099,4.5077714735181695,4.4052623764260845,4.470973333333333,4.470973333333333,33469866
2003-04-30,4.712172318806303,4.773090247263606,4.671044982855683,4.742476666666666,4.742476666666666,41380266
2003-05-09,4.978723373813448,5.057885720503962,4.905745611670509,4.999441666666667,4.999441666666667,47029866
2003-05-19,4.93636264967001,4.985375298592977,4.8602925377017785,4.914716666666666,4.914716666666666,33638933
2003-05-27,4.905900502860322,4.951820851385861,4.8638455061739885,4.905436666666667,4.905436666666667,33882133
2003-06-04,4.983673291174339,5.046910413128992,4.930022231399743,4.992331666666667,4.992331666666667,35049066
2003-06-12,5.00965029592669,5.051241470296015,4.930951702907391,4.981046666666667,4.981046666666667,37172800
2003-06-23,4.682021459226088,4.740774782214089,4.637028807582794,4.67661,4.67661,35336000
2003-07-01,4.837718452757327,4.917499289150242,4.80911484739341,4.895853333333333,4.895853333333333,31288000
2003-07-10,5.099480480763121,5.178024414076234,5.071804559074754,5.139061666666667,5.139061666666667,34414933
2003-07-18,5.288571565921147,5.348561798057433,5.247753477674121,5.278521666666666,5.278521666666666,32103466
2003-07-28,5.202455772257664,12.752572330545853,5.117418008346873,5.15669,5.15669,85777066
2003-08-05,12.699686584624203,12.782868891773882,5.177403782019875,5.25301,5.25301,95972266
2003-08-13,5.40623574679242,5.474575174620188,5.355831553897128,5.419223333333334,5.419223333333334,50677333
2003-08-21,5.3875266337910865,5.450763786746086,5.332329422082015,5.400205,5.400205,33800000
2003-08-29,5.645884721122452,5.769730539328737,5.60955043063433,5.731231666666667,5.731231666666667,43885333
2003-09-08,5.959287756159957,6.0243802530936215,5.870848560081836,5.9223349999999995,5.9223349999999995,44707733
2003-09-16,5.841008534071797,5.872395191231488,5.750095494386533,5.791686666666666,5.791686666666666,39491733
2003-09-24,5.661346127276597,5.728293999634591,5.591460610014203,5.6598,5.6598,37678400
2003-10-02,6.0693741408479776,6.168481754851744,6.037059804020934,6.119778333333333,6.119778333333333,46967466
2003-10-10,6.189818336809721,6.24068633791484,6.082670787157897,6.141733333333334,6.141733333333334,31502933
2003-10-20,5.935632363115385,5.988046502725209,5.873477520654775,5.925891666666666,5.925891666666666,39692266
2003-10-28,5.971038455439764,6.056385390711977,5.903317520155029,5.955731666666666,5.955731666666666,37612266
2003-11-05,6.025153199340267,6.088699545644466,5.960369920857267,6.03644,6.03644,30920000
2003-11-13,6.3281961507598075,6.36004663501879,6.266969010889805,6.328659999999999,6.328659999999999,37618666
2003-11-21,6.298665127913517,6.328969470800644,6.247642504718786,6.283358333333333,6.283358333333333,31809066
2003-12-01,6.313043881854347,6.369168761629029,6.281966468327481,6.345976666666668,6.345976666666668,31424000
2003-12-09,6.643454370211836,6.774103181878698,6.583618739125204,6.684581666666666,6.684581666666666,43973866
2003-12-17,6.9703078304557975,7.105131225289061,6.906297641512914,7.012826666666666,7.012826666666666,28360000
2003-12-29,7.443434133099426,7.695597184931954,7.40214601478709,7.596335000000001,7.596335000000001,44952000
2004-01-08,8.026793797607949,8.096073260006198,7.839092356887264,7.915001666666666,7.915001666666666,50545600
2004-01-16,7.864300006521307,8.010391711954382,7.788836002339642,7.95196,7.95196,46250666
2004-01-26,7.747867769097908,7.855775966786035,7.577025491874245,7.681068333333333,7.681068333333333,40358933
2004-02-03,7.441424755758503,7.598351818197199,7.3123158607711085,7.469558333333334,7.469558333333334,49158933
2004-02-11,7.973283382233428,8.055068011029062,7.82315937198823,7.9613966666666665,7.9613966666666665,47016533
2004-02-19,7.562950107050004,7.6985403960526355,7.4802378000457,7.612575,7.612575,36896000
2004-03-02,7.9335412945873545,8.039297276670514,7.874800339588865,7.952565,7.952565,30624533
2004-03-10,7.7051859082883665,7.788689865573478,7.532488180970529,7.609028333333332,7.609028333333332,32737066
2004-03-18,7.713855347196554,7.830892001867728,7.582581839101638,7.699791666666667,7.699791666666667,34296000
2004-03-26,7.752039008843358,7.8745056922845516,7.689265705607949,7.8206999999999995,7.8206999999999995,37356266
2004-04-05,8.001275125461651,8.101910288058422,7.9253534571121875,8.033261666666666,8.033261666666666,32909866
2004-04-14,7.825618232731004,7.897346736403136,7.712923217080231,7.755596666666666,7.755596666666666,43366933
2004-04-26,7.322681391848987,7.405863732330773,7.089059577987449,7.197901666666667,7.197901666666667,46889600
2004-05-04,6.876765957478468,7.036482205839547,6.731583432423803,6.899184999999999,6.899184999999999,53010133
2004-05-12,6.804407872765271,6.8766126088684345,6.623354858262689,6.735450000000001,6.735450000000001,44036800
2004-05-20,6.5386249623765025,6.609128924491121,6.40797616335335,6.505228333333334,6.505228333333334,45697600
2004-05-28,6.760807087997526,6.833784912766305,6.648711928265121,6.737614999999999,6.737614999999999,33860266
2004-06-07,6.801933664699642,6.855584736503162,6.704372242300086,6.800078333333333,6.800078333333333,42192000
2004-06-16,6.917430799441502,7.023650644133981,6.861615143550741,6.980513333333334,6.980513333333334,50029866
2004-06-24,7.103742307698159,7.161722581412012,6.999223214250208,7.0899816666666675,7.0899816666666675,31821866
2004-07-02,7.035710816569409,7.089516491374229,6.955002299332333,6.983296666666667,6.983296666666667,27768533
2004-07-13,7.07312745016166,7.159556690816387,7.016074877405312,7.075446666666667,7.075446666666667,40649600
2004-07-21,7.021486521009312,7.10343194055062,6.943097208904567,7.003396666666666,7.003396666666666,36457600
2004-07-29,7.22851502073101,7.303657439703749,7.145641925301212,7.234545,7.234545,37562666
2004-08-06,7.3184949028855515,7.403081153780324,7.268715369069725,7.35251,7.35251,41673600
2004-08-16,7.525824212260197,7.643027797601101,7.499088359288404,7.594188333333332,7.594188333333332,43571733
2004-08-24,7.751580082880775,7.757133818499143,7.642731818077455,7.688188333333334,7.688188333333334,27769600
2004-09-01,7.708585091040522,7.779249881872398,7.656783202775602,7.741041666666667,7.741041666666667,20525333
2004-09-10,7.870325400554383,7.952270854353742,7.839402592986417,7.9140749999999995,7.9140749999999995,27864533
2004-09-20,8.30572938689639,8.443026632187657,8.268597279369537,8.366313333333332,8.366313333333332,36870933
2004-09-28,8.676937887013613,8.787010678629487,8.635216841710076,8.754863333333333,8.754863333333333,36326933
2004-10-06,8.870813806691032,8.93065563208712,8.660081042469203,8.802338333333333,8.802338333333333,47496533
2004-10-15,8.653747372946544,8.783944745491146,8.563910431291758,8.695789999999999,8.695789999999999,42480000
2004-10-25,8.727814056593221,8.781619740054316,8.637210227173076,8.707405,8.707405,26029866
2004-11-03,8.791809155836363,8.857847880171922,8.703852335273586,8.771251666666666,8.771251666666666,27974400
2004-11-11,8.694885873027072,8.73058314361415,8.55370468951499,8.597936666666667,8.597936666666667,37718400
2004-11-22,8.55772422581084,8.627003667370529,8.459080495439697,8.532528333333333,8.532528333333333,33271466
2004-11-30,8.707243398237468,8.796437143186893,8.609688140117575,8.702605,8.702605,30574933
2004-12-08,8.579533644099909,8.63905387005011,8.489709062814427,8.578618333333333,8.578618333333333,33989333
2004-12-16,8.838205228369985,8.943169571686502,8.753476769173348,8.866815,8.866815,44599466
2004-12-27,8.965446970570769,9.022184118628159,8.84795272016654,8.905308333333334,8.905308333333334,31206400
2005-01-05,8.650963764034875,8.726254612081055,8.51367887972389,8.615563333333332,8.615563333333332,30300266
2005-01-13,8.638448067743136,8.684053032020364,8.554164858397803,8.622986666666666,8.622986666666666,39282666
2005-01-21,8.627150963556653,8.69270728734765,8.547988598510786,8.622673333333333,8.622673333333333,25941333
2005-02-01,8.952769357554862,9.103672648519945,8.868214059474797,9.048951666666667,9.048951666666667,48405866
2005-02-11,9.446150254032707,9.557633134254358,9.389400714754837,9.486968333333335,9.486968333333335,50091733
2005-02-21,9.959146705748092,10.141430468123446,9.870707500413447,10.060276666666667,10.060276666666667,47895466
2005-03-01,10.38604165159368,10.524278917150019,10.271330415540339,10.441245,10.441245,42598400
2005-03-09,10.153649152589557,10.246108335839025,9.876741709061184,9.994248333333333,9.994248333333333,40311466
2005-03-17,9.739928446406461,9.817532313837512,9.560712256726646,9.671106666666667,9.671106666666667,39425600
2005-03-28,9.655594300058775,9.777694463479653,9.52267727907509,9.634780000000001,9.634780000000001,31740800
2005-04-05,9.943081285611322,10.001479266488424,9.734191644383548,9.833586666666667,9.833586666666667,29378133
2005-04-13,9.403442165121715,9.520576524413633,9.218812395428229,9.286151666666667,9.286151666666667,36247466
2005-04-22,9.250856327334239,9.37333983029939,9.089952730457675,9.216028333333334,9.216028333333334,26274666
2005-05-02,9.35773697036189,9.450299165761887,9.260944905498361,9.401349999999999,9.401349999999999,24346133
2005-05-10,9.360182690104333,9.438116093404426,9.17780444327615,9.289576666666667,9.289576666666667,33363733
2005-05-18,9.500898802594948,9.602753639740754,9.418084806690945,9.533618333333335,9.533618333333335,20694400
2005-05-27,9.912665892330736,10.0397176619937,9.858966303736274,9.997588333333335,9.997588333333335,28400533
2005-06-06,9.903541680906242,9.990247142490363,9.797821410645321,9.881741666666668,9.881741666666668,32385600
2005-06-14,10.29643649914631,10.413740054655685,10.216902254592481,10.384925,10.384925,47277333
2005-06-22,10.613196358685142,10.76530189084965,10.48044404217003,10.633213333333334,10.633213333333334,37695466
2005-06-30,10.522573795189263,10.672414715393629,10.443508069211179,10.548616666666666,10.548616666666666,31516266
2005-07-08,10.59838532690937,10.689971422035493,10.470357454005276,10.560316666666667,10.560316666666667,37870933
2005-07-18,10.256730193700816,10.363153293848685,10.1659770645143,10.30538,10.30538,39889600
2005-07-26,10.630765345396595,10.786619151050173,10.52664588997846,10.72023,10.72023,31769066
2005-08-03,11.274509728293308,11.392451049926985,11.213508754690167,11.309311666666666,11.309311666666666,32222933
2005-08-11,11.72546652471196,11.941527445380922,11.578905350311238,11.756390000000001,11.756390000000001,49080000
2005-08-19,11.865544199942791,12.031822950701057,11.712605716825204,11.908975,11.908975,36993066
2005-08-29,12.309171165823543,12.555335598393576,12.29420399742384,12.550455,12.550455,37323200
2005-09-06,12.916329773216189,13.143127961930242,12.85320736351405,13.059181666666667,13.059181666666667,16208566
2005-09-15,13.790621649417249,14.026842672007492,13.617523077429128,13.890836666666667,13.890836666666667,10084566
2005-09-23,14.047667059392936,14.140723824930733,13.753529579797984,13.96307,13.96307,9228700
2005-10-03,13.260914451978204,13.315577171933429,12.778711232383102,12.888036666666666,12.888036666666666,13737533
2005-10-11,12.344014761769701,12.529477584508575,11.999769739204758,12.248354999999998,12.248354999999998,13406433
2005-10-20,12.096728815922157,12.532078356929794,11.924931737500929,12.200848333333333,12.200848333333333,8808900
2005-10-28,12.683700870931128,12.901050233120216,12.460494816019173,12.66548,12.66548,10203000
2005-11-08,12.45138530480366,12.669385408425706,12.144232904080331,12.459845,12.459845,10440800
2005-11-17,12.959618209061754,13.152889943618094,12.847689796835594,13.096274999999999,13.096274999999999,9199733
2005-11-25,13.354621383301422,13.542036395700952,13.172412328258396,13.389761666666665,13.389761666666665,8850100
2005-12-05,14.013828333333331,14.181070219437709,13.866108858820633,14.013828333333331,14.013828333333331,8353133
2005-12-13,14.224020000000001,14.357423056546986,14.104282613466333,14.224020000000001,14.224020000000001,8058133
2005-12-21,14.322933333333332,14.449828926105395,14.238987018101,14.322933333333332,14.322933333333332,4919900
2005-12-29,15.248293333333335,15.302305300966239,14.93853797261234,15.248293333333335,15.248293333333335,8565466
2006-01-09,16.307709481600124,16.634384275409374,16.183416881183796,16.447619999999997,16.447619999999997,12003633
2006-01-17,17.020275059869316,17.293588587964496,16.875809333207812,17.13936166666667,17.13936166666667,9734733
2006-01-26,17.967110288522857,18.189014836393582,17.615056449990604,17.913098333333334,17.913098333333334,13123766
2006-02-03,17.186215011477746,17.351504604512282,16.679934199841384,16.854985,16.854985,13891233
2006-02-13,16.557595772501006,16.86670039295965,16.284282214773423,16.513345,16.513345,17814933
2006-02-21,17.33133610039832,17.576667601576723,17.05281652200915,17.35216,17.35216,10206933
2006-03-03,16.91420432419277,17.112031280163475,16.45217427517851,16.677983333333334,16.677983333333334,14462433
2006-03-13,16.832209880444573,17.070383101875404,16.526359015406896,16.86865166666667,16.86865166666667,13134500
2006-03-21,16.603798438427614,16.784705983456046,16.401416273465333,16.529613333333334,16.529613333333334,12203433
2006-03-29,17.01721305308053,17.170243445680075,16.79391932835987,17.071191666666667,17.071191666666667,10265333
2006-04-06,17.451921088940864,17.528034974990554,17.212327811185407,17.36257,17.36257,10123000
2006-04-17,18.126355628726007,18.37720053831065,17.930445121027336,18.20975,18.20975,12861900
2006-04-26,18.357343370439917,18.622749151723614,18.13098732585565,18.431471666666667,18.431471666666667,12711900
2006-05-05,18.782258530304627,19.009938302831582,18.66180003383141,18.89014166666667,18.89014166666667,12876933
2006-05-15,17.745124287728636,18.017148664994664,17.25799541806615,17.57635,17.57635,17396766
2006-05-23,17.382425355013343,17.65444977603892,17.097825628804262,17.352641666666667,17.352641666666667,14263633
2006-05-31,17.285791998173693,17.508176895268495,16.94691980496677,17.101795,17.101795,14720633
2006-06-08,15.492153936885652,15.81315600405091,15.071211091823848,15.392875000000002,15.392875000000002,18592333
2006-06-19,16.00708198776614,16.233438054366616,15.690712949693436,15.983255,15.983255,10768700
2006-06-27,16.766233713947745,17.056790173907604,16.641142199944976,16.890663333333332,16.890663333333332,10466500
2006-07-05,17.09253106863272,17.29042718569776,16.913828909534242,17.140185000000002,17.140185000000002,12127800
2006-07-13,17.21166512037164,17.425445854532352,16.86485057011909,17.108414999999997,17.108414999999997,12215000
2006-07-21,17.361246355361324,17.57502709823049,17.177911177430722,17.447950000000002,17.447950000000002,7729566
2006-07-31,18.029726194223336,18.227622302894236,17.900663509060113,18.099883333333334,18.099883333333334,9691600
2006-08-08,18.18658537733474,18.307705735161083,17.92448887174525,18.048256666666667,18.048256666666667,9710466
2006-08-16,17.772260756444137,17.861611831787226,17.49891262619081,17.60414833333333,17.60414833333333,11459066
2006-08-24,17.229534958746466,17.369849247701556,16.998545876439266,17.201075,17.201075,9783700
2006-09-01,16.978031965954216,17.14415882474429,16.736453079491906,16.862868333333335,16.862868333333335,12415100
2006-09-12,15.940233252094666,16.148719123238603,15.592094968362902,15.854853333333333,15.854853333333333,18568100
2006-09-20,15.412067859794155,15.638423922467146,15.153280672505709,15.419348333333334,15.419348333333334,17885600
2006-09-28,15.987227911751104,16.175858000516655,15.717189046132214,15.931631666666666,15.931631666666666,17367533
2006-10-06,16.179826062924963,16.40618211606473,16.075252201772155,16.307565,16.307565,12035833
2006-10-17,16.44522995149187,16.593486557727847,16.19107580757991,16.41677,16.41677,13512800
2006-10-25,16.979352665962423,17.20570873717343,16.837714657875274,17.050171666666667,17.050171666666667,13432100
2006-11-03,17.408238126110373,17.694161596618304,17.280499173029074,17.591573333333333,17.591573333333333,14085833
2006-11-13,17.522076611850398,17.706735495239872,17.31160518322061,17.528033333333337,17.528033333333337,17468666
2006-11-23,17.638563955733833,17.879480935379817,17.533328244628,17.739166666666666,17.739166666666666,12962800
2006-12-01,18.323590791937203,18.560536634770443,18.224973674291878,18.44074,18.44074,13870066
2006-12-11,18.765050141510518,18.885508645490777,18.616131679815844,18.707468333333335,18.707468333333335,15660433
2006-12-19,19.134368119531473,19.30843726612193,19.016557073308608,19.243575,19.243575,10352100
2006-12-28,19.605652435856978,19.802464370135443,19.17175254670244,19.44474333333333,19.44474333333333,17310666
2007-01-09,18.342012847131667,18.482213446780893,18.021169181404517,18.213945,18.213945,20499733
2007-01-17,18.209900196912262,18.484235013864147,17.9530904658767,18.309658333333335,18.309658333333335,19288166
2007-01-26,18.752502702458287,18.95336699567629,18.546920105567118,18.861023333333332,18.861023333333332,14330633
2007-02-05,18.62713160052439,18.733630119077457,18.23888378726116,18.389195,18.389195,20913400
2007-02-13,18.01982071635251,18.203833994420243,17.82704489962926,18.046108333333333,18.046108333333333,18552966
2007-02-23,17.669319805812336,17.8331118623219,17.368697363167808,17.520356666666668,17.520356666666668,23336833
2007-03-05,16.83889908273721,17.045829753291255,16.69869850337621,16.842943333333334,16.842943333333334,17229466
2007-03-13,16.662301634208788,16.849011074999297,16.44458628112752,16.630621666666666,16.630621666666666,17487833
2007-03-21,17.72863447376115,17.96454892143163,17.614721488159486,17.797386666666668,17.797386666666668,16115133
2007-03-29,18.614307459298114,18.90509527167584,18.45587118594278,18.73872666666667,18.73872666666667,23091700
2007-04-09,19.20710340930299,19.47472428591226,19.053786050569883,19.298820000000003,19.298820000000003,20381600
2007-04-17,19.34672906617701,19.51168207644766,19.151660152740742,19.283074999999997,19.283074999999997,16991933
2007-04-25,19.00792552106721,19.232425897096647,18.800536472810744,18.962751666666666,18.962751666666666,16784000
2007-05-04,18.618473098750204,18.825862155575013,18.380968125034673,18.54318333333333,18.54318333333333,19141300
2007-05-14,18.806011270828378,19.016138128617076,18.625315869620604,18.88883,18.88883,21038733
2007-05-22,19.252277831247053,19.421337580281932,19.038044227922963,19.15166333333333,19.15166333333333,15942200
2007-05-30,19.20094135313116,19.487726889881426,19.042148411509213,19.323458333333335,19.323458333333335,17693766
2007-06-08,19.920986418519384,20.21393204911047,19.780673682230216,20.085255,20.085255,25741566
2007-06-18,21.0304817189689,21.213914936237433,20.815563680640206,21.026375,21.026375,18221466
2007-06-26,21.1673745323703,21.43636431652286,21.04827981913958,21.304265000000004,21.304265000000004,13414733
2007-07-04,22.326834150097913,22.493156067610503,22.146138756384975,22.35079,22.35079,14413300
2007-07-13,22.95653305720742,23.220731669392645,22.801162361172132,23.07699666666667,23.07699666666667,13949700
2007-07-23,22.303565531276224,22.66974755889341,21.63074884297168,22.160515,22.160515,19640700
2007-07-31,21.477430539793314,21.623218884137497,20.877165814855708,21.192698333333336,21.192698333333336,17579333
2007-08-08,20.666351726986594,21.072916376405278,20.358348209290867,20.562315,20.562315,24323500
2007-08-16,19.632601209862173,19.99632333741249,19.100393595043542,19.691413333333333,19.691413333333333,26515600
2007-08-24,20.803592058674944,21.177196160521675,20.60979366923433,20.985496666666666,20.985496666666666,16582533
2007-09-03,22.31480227877815,22.67861157083304,22.125901306354947,22.44633333333333,22.44633333333333,16976533
2007-09-12,23.16555600698369,23.576240715925213,22.88850124890118,23.256508333333333,23.256508333333333,19738233
2007-09-20,24.750226155608967,24.903445850040367,24.40950476542007,24.809695,24.809695,18765800
2007-09-28,25.09094587314597,25.527516994577535,24.709645766020913,25.172103333333336,25.172103333333336,20477933
2007-10-08,27.402410934007406,27.967321076716967,27.13276235695184,27.639331666666664,27.639331666666664,25213666
2007-10-17,27.697674031634055,28.324482400390142,27.154819541585383,27.878388333333334,27.878388333333334,22222166
2007-10-25,30.13233522729269,30.796140203654712,29.69335595542903,30.27463,30.27463,25914000
2007-11-05,32.236876791921354,33.29626122659249,30.71645731271927,31.77015,31.77015,45057733
2007-11-13,33.307644529698024,33.73168290456927,32.45601042414765,33.07855,33.07855,26830266
2007-11-23,31.98501707658878,32.44676358978099,31.325480854971577,31.62999166666667,31.62999166666667,22128533
2007-12-03,32.97680982855413,33.6889950739203,32.45316510900769,33.19736666666667,33.19736666666667,19704233
2007-12-11,34.60679548796743,35.439931276830286,33.95721996640419,34.516438333333326,34.516438333333326,28134666
2007-12-19,36.20476721355917,36.65868749681538,35.64127997002534,36.342081666666665,36.342081666666665,20246000
2008-01-02,35.55163238356848,36.468010570812275,35.11265304617459,35.66475666666667,35.66475666666667,20484533
2008-01-10,34.31957311303929,34.73812785293956,33.26012500952351,33.585379999999994,33.585379999999994,24186833
2008-01-18,30.787308992714685,31.859125818977546,30.076827126495008,31.58454,31.58454,29258900
2008-01-29,34.48310854609439,35.11616157678612,33.98412223993721,34.81289833333334,34.81289833333334,22537466
2008-02-08,36.172919868348465,36.25536727846872,35.471758100853116,35.789359999999995,35.789359999999995,20902566
2008-02-18,36.547877681675295,36.77586279127056,35.996555185000084,36.44248833333334,36.44248833333334,18367800
2008-02-26,35.88757886921344,36.34569986565085,35.15128735320088,35.64955666666667,35.64955666666667,24118166
2008-03-05,34.18916390814625,34.50533194708446,33.538187550394895,33.973366666666664,33.973366666666664,19340833
2008-03-13,32.01183386453963,32.290004389743835,31.011710460379287,31.45692666666667,31.45692666666667,24960833
2008-03-25,31.654083426423682,32.23551713725539,31.109930290079657,31.836901666666666,31.836901666666666,18285966
2008-04-02,33.73161276488859,34.5219365109672,33.45097133315974,34.07199,34.07199,20403166
2008-04-10,35.40259646750599,36.031748550170626,34.65309115001645,35.62240333333333,35.62240333333333,32404200
2008-04-18,36.56072182683639,37.21870094657509,36.339473641046304,36.69693,36.69693,25199700
2008-04-29,37.22879189170606,38.13252229400183,36.649366657708754,37.44643666666666,37.44643666666666,26481183
2008-05-08,39.758372523282084,40.1605109239911,39.285607653806046,39.89386,39.89386,22199083
2008-05-16,43.412212826302515,44.232344594101846,42.891883182051565,43.882095,43.882095,24577483
2008-05-27,43.48428137262172,43.98299068582873,42.13949584268729,42.731893333333325,42.731893333333325,24765750
2008-06-04,40.507881013630346,41.17522903951572,39.57532340395283,40.257085,40.257085,25173733
2008-06-12,39.58252755624706,39.98322461363062,38.990130103119405,39.33893833333333,39.33893833333333,24001966
2008-06-20,38.16567402243549,38.828697939265766,37.625165406202974,38.331430000000005,38.331430000000005,17815966
2008-06-30,38.56493214982169,39.26110727602062,37.5891338515626,38.11811166666667,38.11811166666667,16710983
2008-07-08,35.075407409970936,35.568351279140344,34.37346683909797,34.94712666666667,34.94712666666667,21865066
2008-07-17,32.754823281416286,33.22326410097104,31.793438582085326,32.11197833333334,32.11197833333334,23661300
2008-07-25,30.245421216092016,31.110234984602226,29.879316693867647,30.421266666666664,30.421266666666664,19128800
2008-08-04,29.089455363813233,29.549248050608767,28.143925530399326,28.610924999999998,28.610924999999998,19442800
2008-08-12,28.64119267839159,29.115398956846334,27.74611034776461,28.42931333333333,28.42931333333333,19849550
2008-08-20,30.010481298435568,30.455860416130765,29.40367026128135,29.993185,29.993185,16343350
2008-08-28,29.511771201081544,29.8821997636222,28.779562178494235,29.060626666666664,29.060626666666664,16155483
2008-09-05,26.554108937848408,27.232987793772086,25.27994988624421,26.456096666666667,26.456096666666667,32021933
2008-09-15,27.640890852959174,28.781003734951778,26.67229937461289,27.815294999999995,27.815294999999995,35057416
2008-09-23,29.79860024839247,30.510630266429363,28.518675897688173,29.846165,29.846165,23855050
2008-10-01,27.269019742349524,27.988256503748616,24.99311815796412,26.369613333333334,26.369613333333334,33032933
2008-10-09,22.62785345647104,23.04008138643618,20.70940814020291,21.660703333333334,21.660703333333334,47474283
2008-10-17,20.056473129204164,20.978941152499598,19.27958206992403,20.132865,20.132865,35830883
2008-10-27,18.544492845937707,19.164276154719705,17.694092499324242,18.57332,18.57332,37357483
2008-11-04,20.821834490252844,21.40846654116757,20.011792180899675,20.664726666666667,20.664726666666667,30280233
2008-11-12,17.937679707043234,18.359997114571417,17.01953571753764,17.394288333333332,17.394288333333332,35104683
2008-11-21,16.533800004079847,17.208354829051896,16.04806288346967,16.742796666666667,16.742796666666667,34748866
2008-12-01,16.301739614281118,16.73847055468623,15.743934734646956,16.284443333333336,16.284443333333336,32213950
2008-12-09,18.906272877311824,19.77685216873762,18.704482962200167,19.26805333333333,19.26805333333333,38274783
2008-12-17,20.19051813088942,20.514823287655336,19.586589846747746,19.910894999999996,19.910894999999996,23018833
2008-12-29,20.97633532266971,21.573437588523706,20.650643161420547,21.258015,21.258015,19869866
2009-01-08,21.168524050072538,21.927005349932738,20.73133365650838,21.419394999999998,21.419394999999998,25941200
2009-01-16,21.03355282626824,21.461940720425975,20.495133762922155,20.929389999999998,20.929389999999998,20860383
2009-01-26,22.059044290652594,21.997426774286613,21.306431161894118,21.661465000000003,21.661465000000003,22073250
2009-02-03,23.11093979402193,23.781396170224266,22.814589253466888,23.300193333333336,23.300193333333336,29276616
2009-02-11,23.837145718898068,24.17310744284013,23.26058254337316,23.693371666666668,23.693371666666668,23445316
2009-02-19,22.89234542519092,23.527591903539214,22.55785078167334,22.926088333333336,22.926088333333336,23335166
2009-03-03,22.81312210319298,23.36474485036688,22.260032271861828,22.82926,22.82926,30968416
2009-03-11,24.12029189810234,24.61469846164323,23.756455606047627,24.343288333333334,24.343288333333334,26513550
2009-03-19,26.334120944638553,26.926822056708303,25.99229086123778,26.46029,26.46029,26326150
2009-03-27,25.99228750908234,26.243158493410956,25.541893422746014,26.00109,26.00109,22678150
2009-04-06,26.873319216878524,27.167399646264517,26.592687055472524,26.901438333333335,26.901438333333335,21338733
2009-04-15,26.297328501409577,26.481412781952542,25.90392262912975,26.15481166666667,26.15481166666667,20419733
2009-04-24,26.473990130134343,26.641744349191054,25.899469070123146,26.386401666666668,26.386401666666668,23822250
2009-05-05,28.942795814740336,29.348078105455226,28.475162426681106,28.92349666666667,28.92349666666667,23815933
2009-05-13,28.48110284341946,28.9309216704313,28.24357474925327,28.666671666666673,28.666671666666673,21302566
2009-05-21,29.552947038746094,30.01464222921936,29.34659449636322,29.757814999999997,29.757814999999997,16646483
2009-05-29,30.84747694627447,31.05679857863439,30.161614569684975,30.50157666666667,30.50157666666667,23288966
2009-06-08,30.075508342233046,30.295221809485827,29.593029439570003,29.849856666666668,29.849856666666668,18363466
2009-06-17,28.340070522601376,28.515247485852928,27.878375284555073,28.060975,28.060975,17048700
2009-06-25,28.63697962805377,29.040777350922667,28.25990380331852,28.65776333333333,28.65776333333333,16969716
2009-07-03,26.958546950591586,27.09189015431969,26.367001149783118,26.783578333333335,26.783578333333335,15463783
2009-07-14,27.816424254604655,28.269138210679696,27.566082435337055,27.960333333333335,27.960333333333335,18726216
2009-07-22,28.76832416185664,29.018665999070837,28.410050515523682,28.735345,28.735345,17115883
2009-07-30,28.730847427572773,29.06063906619198,28.456520758167944,28.718854999999994,28.718854999999994,14700016
2009-08-07,28.78481282245843,29.0126688672722,28.520979530111465,28.78931,28.78931,15137650
2009-08-17,29.412915442324138,29.748703276279368,29.227032887566747,29.561321666666668,29.561321666666668,19029000
2009-08-25,29.37843898180869,29.622784592008966,28.918229717514105,29.20005166666667,29.20005166666667,21452466
2009-09-02,29.33796411289241,29.619786047119693,29.063637435872142,29.391930000000002,29.391930000000002,16925316
2009-09-11,30.307851912888882,30.613658703597096,30.105479766307692,30.442766666666667,30.442766666666667,16379150
2009-09-21,30.958440482306866,31.28223591044015,30.69160907606499,30.95394333333333,30.95394333333333,15889500
2009-09-29,31.12633346932928,31.31221602717018,30.69310719691256,31.018401666666666,31.018401666666666,15092100
2009-10-07,31.92532787406243,32.232633699159315,31.78291785949351,32.1277,32.1277,15499216
2009-10-16,33.003148414973644,33.569790398249495,32.707834989544246,33.04812,33.04812,17236950
2009-10-26,32.318080814496206,32.835254065330275,31.5445695328383,32.010774999999995,32.010774999999995,18176183
2009-11-04,32.96267311438453,33.28946665195934,32.66136350741334,33.01514,33.01514,16040866
2009-11-12,33.92806397717771,34.45123343148203,33.62975245120594,33.94755166666666,33.94755166666666,22532200
2009-11-23,34.920434912799,35.253224628312125,34.66559593453989,35.017873333333334,35.017873333333334,14603016
2009-12-01,35.23373971218527,35.503569234978805,34.734555085608264,34.91144333333333,34.91144333333333,15747383
2009-12-09,34.14092710990454,34.33430491245059,33.85610707085996,34.015006666666665,34.015006666666665,15113533
2009-12-17,33.08109954158849,33.271479257500964,32.51745563566508,32.74531166666667,32.74531166666667,14941650
2009-12-30,33.29846045638376,33.545804176429165,33.08409590814872,33.370415,33.370415,15485133
2010-01-11,32.69584177336173,32.97766370488821,32.280604126893174,32.59840333333333,32.59840333333333,19640483
2010-01-19,31.51009210225126,31.7694282433044,31.0318942273263,31.318213333333333,31.318213333333333,19903550
2010-01-28,30.919463772178677,31.033391789532615,30.22240423871719,30.508723333333332,30.508723333333332,16909383
2010-02-05,29.144585028372163,29.595799927241796,28.73534359804046,29.276501666666665,29.276501666666665,21828433
2010-02-17,30.883486409045002,31.13982444222599,30.5896720660747,30.890981666666672,30.890981666666672,15974616
2010-02-25,31.345195820323227,31.649503546392456,31.01090701939083,31.38866833333333,31.38866833333333,17424716
2010-03-05,32.710831179602565,33.09908587016981,32.49796568595596,32.847244999999994,32.847244999999994,29736666
2010-03-15,33.08559479684056,33.39439968674535,32.75730223333585,33.07210333333334,33.07210333333334,15467100
2010-03-23,32.093221677221216,32.30009097219847,31.433638433369676,31.676485,31.676485,19014716
2010-03-31,32.02726270058883,32.39303159263759,31.893847008202002,32.20565,32.20565,14072600
2010-04-09,31.034892485332946,31.274740931154113,30.538705953186366,30.67212166666667,30.67212166666667,29373216
2010-04-19,30.19036696303532,30.516217946326133,29.840264732247388,30.207804999999997,30.207804999999997,19195183
2010-04-28,28.69682746079343,29.19798351192409,28.31004937469626,28.648668333333337,28.648668333333337,23765066
2010-05-06,27.194864178290022,27.522948313155876,26.60942964997592,26.96309833333333,26.96309833333333,21064650
2010-05-14,26.23017962799042,26.525154398506775,25.76815283350096,26.022493333333333,26.022493333333333,24396983
2010-05-24,25.057239466740743,25.611475898582555,24.80737881139981,25.26015666666667,25.26015666666667,19712650
2010-06-02,26.745693291939332,27.222700047687784,26.571547960913122,26.800208333333334,26.800208333333334,16605783
2010-06-11,26.81080677793857,27.00160946057782,26.43071570957564,26.70177666666667,26.70177666666667,15314016
2010-06-21,25.97945344572393,26.270200426854135,25.575133453883655,25.717478333333332,25.717478333333332,17883383
2010-06-29,24.466660895680686,24.705921410777467,24.177428204173694,24.304630000000003,24.304630000000003,14300433
2010-07-07,24.8028356766889,24.999695599064257,24.53783193561226,24.822521666666663,24.822521666666663,11349916
2010-07-16,24.88309699874507,25.190501389326442,24.646865069920935,24.942155,24.942155,12684483
2010-07-26,25.346742523846828,25.571408702494423,25.211950591359738,25.422894999999997,25.422894999999997,11722666
2010-08-03,26.483343721408293,26.81091930137578,26.248708182751802,26.527528333333333,26.527528333333333,15658266
2010-08-11,25.406153525592412,25.678879242109662,25.163899942230994,25.36806333333334,25.36806333333334,15683083
2010-08-19,24.35486689154665,24.606262142995664,23.961776139628398,24.09433,24.09433,18878300
2010-08-27,24.31677789830809,24.886607140320393,24.001391111110944,24.606263333333334,24.606263333333334,24189666
2010-09-06,25.69716389152563,26.014074252050303,25.203515048758163,25.444245,25.444245,25366550
2010-09-15,24.05319108808024,24.51941499531001,23.80941391407789,24.176603333333333,24.176603333333333,29720850
2010-09-23,24.423427608410705,24.923170855471753,24.146131040086,24.575788333333335,24.575788333333335,57757516
2010-10-01,24.485894621602057,24.696152457843354,23.84902672853117,24.228405,24.228405,41543300
2010-10-11,23.829221802528746,24.0729990034626,23.498598962122188,23.763706666666668,23.763706666666668,28553333
2010-10-20,22.800784542292174,23.411751124122947,22.401599415290296,22.84954,22.84954,38249966
2010-10-28,24.469135173570237,24.75862059434381,24.165937297212825,24.431045,24.431045,29320100
2010-11-08,24.530079251331156,24.683963606011957,24.178125939331306,24.339628333333334,24.339628333333334,28017183
2010-11-17,23.19997073089186,23.387374443246088,22.950099110839187,23.15883333333333,23.15883333333333,21459300
2010-11-25,22.812975715943693,23.044564049759533,22.628619200541994,22.76269666666666,22.76269666666666,19063100
2010-12-03,23.39651673373992,23.580873241656004,23.132932637740538,23.312718333333333,23.312718333333333,19615250
2010-12-13,23.4605085987603,23.690573343031094,23.286817335687044,23.458985,23.458985,20220200
2010-12-21,23.719521026631867,23.9952939660685,23.6540059063132,23.908448333333336,23.908448333333336,15658316
2010-12-30,24.78909399395252,24.99782823290757,24.48741972537216,24.72053166666667,24.72053166666667,24897316
2011-01-10,24.95973931111905,25.291885762358532,24.89422418679379,25.139525000000003,25.139525000000003,20989433
2011-01-18,25.014588808150037,25.188280074974244,24.709867300571215,24.86375166666667,24.86375166666667,19428516
2011-01-27,24.914030764944474,25.185232908280824,24.67177715264883,25.002399999999998,25.002399999999998,28352516
2011-02-04,24.73881452242466,25.038965201842274,24.48132485921956,24.65806333333333,24.65806333333333,19549783
2011-02-16,25.0785785055069,25.4183429618151,24.944501052047755,25.262935,25.262935,30257216
2011-02-25,26.140530321699046,26.407161596474058,25.899800369018028,26.26851333333333,26.26851333333333,24462250
2011-03-10,25.611841547910064,25.905897770054835,25.346733836004095,25.668215,25.668215,21635666
2011-03-18,25.907422425090985,26.125298298083692,25.735254772253437,25.87542666666667,25.87542666666667,16323833
2011-03-30,26.017123356434496,26.09787455728232,25.790105820851338,25.905900000000003,25.905900000000003,16261366
2011-04-08,24.734241927268958,24.883555441092597,24.345722049756848,24.50113,24.50113,25860333
2011-04-19,23.820080553689817,23.913020612254286,23.522977083021203,23.70581,23.70581,18096316
2011-04-29,23.325052197843878,23.458268215670596,22.934591477556832,23.087713333333337,23.087713333333337,22342116
2011-05-09,22.004679761657854,22.254574605844198,21.81343059221473,22.02382,22.02382,15105183
2011-05-25,22.16744891605909,22.30372735427309,21.943891032841062,22.135293333333337,22.135293333333337,13417533
2011-06-02,21.631525278992566,21.88417635197194,21.3497810627602,21.564151666666664,21.564151666666664,20437250
2011-06-10,21.59324247986179,21.763207726485025,21.383465538026424,21.51055666666667,21.51055666666667,16366316
2011-06-20,21.274749365223073,21.476870211147645,21.144595797294016,21.283936666666666,21.283936666666666,16296366
2011-06-29,21.698895440900646,21.839767530799218,21.541179955319233,21.70042666666666,21.70042666666666,13317983
2011-07-07,21.433994890331125,21.56567967033052,21.273216955645104,21.388058333333333,21.388058333333333,14986883
2011-07-15,20.966975242994053,21.17215853870358,20.764854405293065,20.93941333333333,20.93941333333333,16779166
2011-07-25,20.810791591938855,20.974631984038066,20.599483436798828,20.827634999999997,20.827634999999997,18224850
2011-08-19,18.345529445985715,18.624211216805723,18.099003252924486,18.298061666666666,18.298061666666666,19705883
2011-08-29,18.833985884082832,19.022325740837786,18.62420896358798,18.87686,18.87686,19206366
2011-09-06,18.60889671343172,18.930452546092663,18.431275377287125,18.7513,18.7513,18138850
2011-09-15,18.853894057190605,19.075920753268523,18.62268004801605,18.788051666666668,18.788051666666668,18626450
2011-09-23,17.94434857060273,18.109720161670946,17.62432392420563,17.814195,17.814195,17004100
2011-10-03,17.09911531070972,17.380859471219818,16.731622886593364,17.031741666666665,17.031741666666665,24170883
2011-10-11,17.72232426329634,17.941288524730833,17.440580037479076,17.78816666666667,17.78816666666667,23204216
2011-10-20,18.77274116936533,19.19229509411017,18.575213960601996,18.993236666666665,18.993236666666665,24853916
2011-11-04,20.26414517232224,20.562732774851508,20.037524842446466,20.293238333333335,20.293238333333335,20581966
2011-11-16,19.945652595903017,20.169210508125982,19.760375160710932,19.971683333333335,19.971683333333335,22146466
2011-11-24,19.964025142457494,20.176864496747207,19.75731066125858,19.93033833333333,19.93033833333333,18903983
2011-12-02,21.066503112920586,21.326810249661282,20.792415032541065,21.07722166666667,21.07722166666667,19218133
2011-12-13,20.11408613305821,20.362143544392136,19.81243608852419,19.94718333333333,19.94718333333333,24161150
2011-12-21,20.35908102648502,20.45401656546502,20.1110236080311,20.225865000000002,20.225865000000002,11642716
2011-12-29,20.207490674684433,20.501484624203805,19.974745458695924,20.34070666666667,20.34070666666667,19530416
2012-01-09,21.017503035977544,21.241060917364656,20.88122460383963,21.1645,21.1645,23497783
2012-01-18,22.538005847933402,23.026464543048082,22.328228904619397,22.700315,22.700315,28265316
2012-01-27,22.709499962666886,22.974400737350624,22.47062988897055,22.646720000000002,22.646720000000002,22315650
2012-02-06,22.805968989516646,23.1259936811821,22.38488390344811,22.677346666666665,22.677346666666665,37073516
2012-02-15,21.787709480651046,22.123046361245073,21.545776950880043,21.945425,21.945425,27135966
2012-02-27,22.70184591967941,22.91774773338535,22.452257299920706,22.625285,22.625285,23112133
2012-03-06,22.0296384655931,22.228696859893507,21.714207491374378,21.95614,21.95614,18540133
2012-03-14,22.342130402668236,22.60899485934568,22.07686005589029,22.348231666666667,22.348231666666667,24428450
2012-03-23,21.944222270966637,22.07196601792874,21.63640598511193,21.819556666666667,21.819556666666667,18719050
2012-04-02,20.599065383074134,20.780676983752944,20.235842170627055,20.365125000000003,20.365125000000003,19450083
2012-04-11,20.008058966372147,20.20660047736495,19.731024305472854,19.98959,19.98959,19853300
2012-04-19,19.71101353129649,19.884929714399195,19.501698487415542,19.669458333333335,19.669458333333335,16378433
2012-04-27,19.58942651010439,19.86030481365779,19.175413666192572,19.49708166666667,19.49708166666667,23771216
2012-05-08,18.244270750265148,18.43973409602416,17.950306207975228,18.047268333333335,18.047268333333335,24547450
2012-05-16,17.950306213116964,18.176551184867716,17.387002447202445,17.611708333333336,17.611708333333336,32231016
2012-05-25,17.2607976982213,17.59170017947254,17.053021721319464,17.3239,17.3239,22555300
2012-06-04,17.500894468517647,17.693279653585673,17.199234541041424,17.371611666666666,17.371611666666666,23724183
2012-06-13,17.559377163751506,17.92413941465487,17.276186228921187,17.613245000000003,17.613245000000003,34284433
2012-06-22,16.926816156923632,17.136131206463343,16.565132036169807,16.766751666666664,16.766751666666664,28674650
2012-07-02,17.400854477921516,17.747147800847113,17.18538310469878,17.467035,17.467035,24896966
2012-07-11,17.587083432733916,17.831797389776003,17.393159182822867,17.67942833333333,17.67942833333333,25624150
2012-07-20,17.700973829760727,17.94568774837171,17.423939198250753,17.754841666666664,17.754841666666664,22669383
2012-07-30,18.225799897015555,18.639812762660252,17.921061828145923,18.32891833333333,18.32891833333333,33325683
2012-08-07,19.152328728789747,19.51555196048589,19.006116008599935,19.295463333333334,19.295463333333334,26514266
2012-08-15,19.704857004261154,19.87877318375238,19.47399482614045,19.71101333333333,19.71101333333333,22515400
2012-08-24,19.60173973900601,19.75564787753839,19.406276420077162,19.537098333333333,19.537098333333333,18102050
2012-09-03,19.28930607375734,19.507855613493643,19.107694476355345,19.33855666666667,19.33855666666667,16286383
2012-09-12,21.005381381819916,21.460949473884146,20.79298818240671,21.13620333333333,21.13620333333333,31678150
2012-09-20,21.043859038148323,21.29780744817329,20.842239372279415,21.056171666666668,21.056171666666668,19955166
2012-09-28,20.831466707005756,20.996148401205943,20.523650413538373,20.71141833333333,20.71141833333333,18221016
2012-10-08,20.712956462712487,24.10817028172347,20.557509258532622,20.75451166666667,20.75451166666667,18819533
2012-10-17,20.59598904182962,20.69449025831933,20.312798033545818,20.41283833333333,20.41283833333333,22257316
2012-10-25,19.831061786766284,20.08501020353038,19.592504213461318,19.758725000000002,19.758725000000002,19773483
2012-11-05,19.43398044208921,19.76026568639151,19.09538254498347,19.381651666666667,19.381651666666667,21378900
2012-11-13,18.17962937066875,18.33661567341258,17.6794279054043,17.807171666666665,17.807171666666665,26564200
2012-11-23,17.427016886751215,17.691738854188554,17.10842706218368,17.385461666666664,17.385461666666664,26529083
2012-12-03,17.491658946224053,17.716364796905538,17.31004734575172,17.562456666666666,17.562456666666666,20786666
2012-12-11,18.293519761165154,18.553624492177686,18.14884612154671,18.424341666666667,18.424341666666667,32116866
2012-12-19,18.781409333648313,18.989185301908414,18.479749399141866,18.724463333333333,18.724463333333333,30867050
2013-01-02,18.524383355663826,18.77679271486656,18.22734066593394,18.435116666666666,18.435116666666666,29733033
2013-01-10,18.375090793405047,18.52899891573617,18.133455042224075,18.284285,18.284285,21698916
2013-01-18,18.054962198187656,18.205792161627397,17.839490827146946,18.019563333333334,18.019563333333334,19578533
2013-01-29,16.957597094804054,17.23463167304509,16.649780811007336,16.919119999999996,16.919119999999996,44302950
2013-02-06,16.403527871050454,16.537427931672543,16.171126604147496,16.305026666666667,16.305026666666667,28708883
2013-02-18,16.26501123825364,16.3773641555737,16.009523718107943,16.16651,16.16651,27806866
2013-02-26,15.433907008509607,15.632448481529018,15.247678161011626,15.409281666666665,15.409281666666665,31429150
2013-03-06,17.029937284424474,17.619405540777134,16.771371578586997,17.206931666666666,17.206931666666666,41632816
2013-03-14,17.537833374400105,17.79947722050945,17.30697115039437,17.568614999999998,17.568614999999998,32480183
2013-03-22,17.106887663194776,17.203849774834506,16.837548459638807,16.929893333333332,16.929893333333332,17612600
2013-04-03,16.431232920099216,16.768291775540987,16.301950110987747,16.545125,16.545125,22784483
2013-04-11,16.366590133598546,16.580522442908833,16.014140526190637,16.294253333333334,16.294253333333334,29505533
2013-04-19,17.508587500507637,17.964155549720093,17.371609284310928,17.644026666666665,17.644026666666665,39416400
2013-04-30,19.01519984608588,19.35579401283184,18.756222719642228,19.08583,19.08583,34099400
2013-05-09,18.641644183586447,18.859812807082662,18.398362657523016,18.591418333333333,18.591418333333333,24008883
2013-05-17,18.79075440943429,19.00735348801322,18.564737995209452,18.859815,18.859815,29734383
2013-05-27,18.917886846560652,19.121929437417794,18.74523543689223,18.877078333333333,18.877078333333333,24816983
2013-06-05,17.982430025907686,18.153511895712253,17.61672294855102,17.775248333333334,17.775248333333334,31263283
2013-06-13,16.941811775311837,17.21962360530333,16.507044150098558,16.794273333333333,16.794273333333333,38198500
2013-06-21,15.336153396324788,15.532348178631326,15.072467622977802,15.23570166666667,15.23570166666667,34244200
2013-07-01,14.871564026921979,15.055202366147588,14.438365994671948,14.684786666666666,14.684786666666666,37365733
2013-07-10,14.653395667756762,14.89196851234397,14.482313819480147,14.720886666666667,14.720886666666667,24914666
2013-07-18,15.234132384214597,15.533918030229932,15.130541542139332,15.38481,15.38481,25694100
2013-07-29,15.764643065465263,15.904333742786713,15.537057108742033,15.6689,15.6689,21428733
2013-08-06,15.694013109693307,15.923168613269945,15.312610438935465,15.574726666666669,15.574726666666669,31759816
2013-08-14,16.17429667875444,16.744046248502283,15.992227915753446,16.458386666666666,16.458386666666666,49375750
2013-08-22,16.82566455227688,17.097198116514722,16.52901802518807,16.717364999999997,16.717364999999997,31053916
2013-08-30,16.111515526515998,16.41600981362241,15.839981917536258,16.142906666666665,16.142906666666665,34218250
2013-09-09,17.070514023545,17.37343873029174,16.90884952600536,17.138005,17.138005,31086983
2013-09-17,17.77210807430892,17.976150639984986,17.50528316869133,17.806638333333336,17.806638333333336,21048500
2013-09-25,17.547659689109874,17.756410913759016,17.395412556201165,17.528824999999998,17.528824999999998,18839900
2013-10-03,17.434654880295422,17.56649778593969,17.136438788277903,17.32164666666667,17.32164666666667,21778016
2013-10-11,17.188233173995425,17.37187149559776,16.99203837528646,17.152133333333335,17.152133333333335,26277083
2013-10-21,17.502145046719942,17.907091123562385,17.214915875470897,17.638696666666664,17.638696666666664,38751916
2013-10-29,18.819004188137843,19.096816023757526,18.545901051843888,18.89905166666667,18.89905166666667,37270183
2013-11-06,18.80017000494559,19.065425387442684,18.48782789567456,18.77662666666667,18.77662666666667,24895016
2013-11-14,19.443688024457263,19.8690383227752,19.245923682857402,19.60849166666667,19.60849166666667,31556283
2013-11-26,17.619859394934263,17.886684278240455,17.20392649322535,17.37500833333333,17.37500833333333,43096600
2013-12-04,16.513321549086395,16.58081255557489,16.16958831551973,16.29986166666667,16.29986166666667,22558166
2013-12-12,16.06756902316234,16.2559160263359,15.88079157602638,16.058151666666664,16.058151666666664,25376916
2013-12-20,16.091111584510156,16.185285075334686,15.849399597534857,15.95456,15.95456,16114700
2014-01-03,15.391091042588421,15.574729393762967,15.089735803157195,15.246691666666669,15.246691666666669,21564033
2014-01-13,14.866857269255163,15.020673994999983,14.614158363794088,14.720888333333333,14.720888333333333,22880933
2014-01-21,14.480744560897186,14.67223065247756,14.278271533952728,14.425809999999998,14.425809999999998,26678483
2014-01-29,13.711660255208038,13.881172524252671,13.342814077347171,13.493491666666666,13.493491666666666,37963933
2014-02-06,13.67713249078757,13.907857567905166,13.534302661365354,13.780723333333333,13.780723333333333,29403450
2014-02-14,13.507621011446124,13.631616134348434,13.312995748756023,13.440130000000002,13.440130000000002,23891133
2014-02-24,13.243933050806989,13.415014917005522,12.919034492969866,13.071281666666666,13.071281666666666,28197466
2014-03-06,12.506241554687747,12.685171206968475,12.319464101949924,12.446598333333334,12.446598333333334,34264183
2014-03-14,12.278652016964257,12.689876183957757,12.153087365132336,12.504668333333333,12.504668333333333,46408666
2014-03-24,13.914132492859151,14.261004805957441,13.713229053113261,14.17154,14.17154,42109366
2014-04-01,15.54145495926781,15.908216566519082,15.20888266858706,15.635271666666666,15.635271666666666,51880583
2014-04-09,15.788333333333334,16.07,15.429999999999998,15.791666666666666,15.791666666666666,33987616
2014-04-17,16.046666666666667,16.383333333333336,15.736666666666665,16.18166666666667,16.18166666666667,34254600
2014-04-29,17.175,17.778333333333336,17.01666666666667,17.54,17.54,41642766
2014-05-08,18.121666666666666,18.351666666666667,17.793333333333337,17.976666666666663,17.976666666666663,29990833
2014-05-16,17.738333333333333,18.034999999999997,17.470000000000002,17.683333333333334,17.683333333333334,32955200
2014-05-26,17.50166666666667,17.608333333333334,17.111666666666668,17.266666666666666,17.266666666666666,20856733
2014-06-03,17.179999999999996,17.551666666666666,16.929999999999996,17.31833333333333,17.31833333333333,33909716
2014-06-11,18.673333333333332,18.976666666666667,18.43,18.77166666666667,18.77166666666667,31805283
2014-06-23,17.72,17.986666666666665,17.345,17.506666666666664,17.506666666666664,29618300
2014-07-01,17.273333333333333,17.453333333333333,17.066666666666666,17.326666666666664,17.326666666666664,19648083
2014-07-10,18.663333333333334,19.058333333333334,18.478333333333335,18.93,18.93,42612900
2014-07-18,20.57833333333333,20.811666666666667,20.228333333333335,20.588333333333335,20.588333333333335,50563000
2014-07-28,19.688333333333333,19.865,19.313333333333336,19.528333333333332,19.528333333333332,30079483
2014-08-05,19.860000000000003,20.278333333333332,19.481666666666666,19.88,19.88,48140716
2014-08-13,19.815,20.381666666666664,19.405,20.003333333333334,20.003333333333334,62172466
2014-08-21,21.746666666666666,22.353333333333335,21.525000000000002,21.956666666666667,21.956666666666667,50699533
2014-08-29,23.63,24.209999999999997,23.064999999999998,23.551666666666666,23.551666666666666,57687150
2014-09-08,21.398333333333337,21.790000000000003,20.688333333333333,21.005,21.005,66792950
2014-09-16,21.081666666666667,21.668333333333333,20.668333333333337,21.098333333333333,21.098333333333333,61608350
2014-09-24,19.224999999999998,19.668333333333333,18.794999999999998,19.13166666666667,19.13166666666667,60611550
2014-10-02,20.073333333333334,20.546666666666667,19.330000000000002,19.883333333333333,19.883333333333333,86110683
2014-10-10,20.331666666666667,20.66333333333333,19.93166666666667,20.278333333333336,20.278333333333336,86379700
2014-10-20,16.396666666666665,16.665,16.11833333333333,16.286666666666665,16.286666666666665,110683916
2014-10-28,14.801666666666668,14.995,14.321666666666667,14.719999999999999,14.719999999999999,66246133
2014-11-05,14.185,14.411666666666667,13.841666666666667,14.136666666666668,14.136666666666668,43388500
2014-11-13,13.076666666666668,13.533333333333337,12.713333333333333,13.155,13.155,52117900
2014-11-24,13.888333333333334,14.179999999999998,13.406666666666666,13.521666666666667,13.521666666666667,164758316
2014-12-02,12.186666666666666,12.343333333333334,11.79,12.041666666666666,12.041666666666666,116478150
2014-12-10,10.201666666666666,10.526666666666666,9.726666666666667,9.996666666666668,9.996666666666668,73091216
2014-12-18,10.188333333333333,10.51,9.853333333333333,10.193333333333333,10.193333333333333,49955983
2014-12-30,9.225,9.413333333333334,8.85,9.028333333333334,9.028333333333334,67598233
2015-01-09,9.118333333333334,9.391666666666667,8.886666666666667,9.138333333333334,9.138333333333334,60870066
2015-01-19,9.731666666666667,10.018333333333333,9.521666666666668,9.748333333333333,9.748333333333333,50209033
2015-01-27,8.978333333333333,9.334999999999999,8.673333333333334,9.131666666666666,9.131666666666666,85695383
2015-02-04,9.486666666666666,9.89,9.096666666666666,9.361666666666666,9.361666666666666,84590283
2015-02-12,9.753333333333336,9.906666666666666,9.59,9.753333333333334,9.753333333333334,48142950
2015-02-24,9.43,9.658333333333333,9.273333333333333,9.513333333333334,9.513333333333334,51813183
2015-03-04,9.091666666666667,9.195,8.921666666666665,8.996666666666666,8.996666666666666,41934083
2015-03-12,8.681666666666667,8.903333333333334,8.438333333333334,8.72,8.72,59572033
2015-03-20,9.436666666666667,9.616666666666665,9.233333333333334,9.443333333333333,9.443333333333333,53407933
2015-03-30,10.096666666666668,10.451666666666666,10.013333333333334,10.326666666666666,10.326666666666666,51763883
2015-04-08,11.776666666666666,12.283333333333333,11.446666666666667,12.011666666666668,12.011666666666668,85464016
2015-04-16,12.961666666666666,13.38,12.631666666666666,13.043333333333331,13.043333333333331,96520700
2015-04-27,13.021666666666667,13.421666666666667,12.853333333333333,13.235,13.235,54004416
2015-05-06,13.973333333333334,14.185,13.511666666666665,13.723333333333334,13.723333333333334,43375400
2015-05-14,13.638333333333334,13.871666666666668,13.195,13.496666666666668,13.496666666666668,57679516
2015-05-22,12.829999999999998,12.963333333333333,12.508333333333333,12.636666666666668,12.636666666666668,49500733
2015-06-01,12.623333333333333,12.903333333333334,12.483333333333334,12.69,12.69,39691600
2015-06-10,13.133333333333333,13.296666666666667,12.921666666666667,13.108333333333334,13.108333333333334,38233766
2015-06-18,13.241666666666667,13.378333333333332,12.983333333333333,13.096666666666666,13.096666666666666,36541783
2015-06-26,12.660000000000002,12.913333333333334,12.293333333333331,12.480000000000002,12.480000000000002,43060350
2015-07-06,11.658333333333331,11.920000000000002,11.39,11.736666666666666,11.736666666666666,42736900
2015-07-15,11.441666666666668,11.575000000000001,11.101666666666667,11.173333333333332,11.173333333333332,35732800
2015-07-23,10.146666666666667,10.441666666666666,9.858333333333333,10.146666666666667,10.146666666666667,58294766
2015-07-31,10.25,10.508333333333333,9.968333333333332,10.12,10.12,45898850
2015-08-10,9.686666666666667,9.818333333333333,9.44,9.598333333333333,9.598333333333333,37437016
2015-08-18,8.518333333333333,8.708333333333334,8.286666666666667,8.413333333333332,8.413333333333332,46615566
